ID,名稱,Category,Color,Cut,Carat,Clarity,Rarity,image,animation_url,,,https://thumbsnap.com/i/VuttBzNN.png?0401
1,AuraGem #001,Ruby,#E0115F,Brilliant,10,Flawless,0,https://res.cloudinary.com/djpxpezra/image/upload/v1762955636/AuraGem/001_00_iz4kco.png,https://gemfi-three-js.vercel.app/?modelIndex=0&color=%23E0115F,,,https://thumbsnap.com/i/6Ybq8wQn.png?0401
2,AuraGem #002,Ruby,#E0115F,Princess,10,Flawless,0,https://res.cloudinary.com/djpxpezra/image/upload/v1762961409/AuraGem/002_00_rjw4ig.png,https://gemfi-three-js.vercel.app/?modelIndex=1&color=%23E0115F,,,https://snedimg.vercel.app/images/firediamond_resieze.png
3,AuraGem #003,Ruby,#E0115F,Emerald,10,Flawless,0,https://res.cloudinary.com/djpxpezra/image/upload/v1762962311/AuraGem/003_00_znpqed.png,https://gemfi-three-js.vercel.app/?modelIndex=2&color=%23E0115F,,,
4,AuraGem #004,Ruby,#E0115F,Oval,10,Flawless,0,https://res.cloudinary.com/djpxpezra/image/upload/v1763044192/AuraGem/004_00_indnlj.png,https://gemfi-three-js.vercel.app/?modelIndex=3&color=%23E0115F,,,
5,AuraGem #005,Ruby,#E0115F,Baguetee,10,Flawless,0,https://res.cloudinary.com/djpxpezra/image/upload/v1763045065/AuraGem/005_00_ut1fdc.png,https://gemfi-three-js.vercel.app/?modelIndex=4&color=%23E0115F,,,
6,AuraGem #006,Ruby,#E0115F,Pear,10,Flawless,0,https://res.cloudinary.com/djpxpezra/image/upload/v1763045857/AuraGem/006_00_cbkqti.png,https://gemfi-three-js.vercel.app/?modelIndex=5&color=%23E0115F,,,
7,AuraGem #007,Topaz,#E4A300,Marquis,10,Flawless,0,https://res.cloudinary.com/djpxpezra/image/upload/v1763046619/AuraGem/007_00_f3ilcq.png,https://gemfi-three-js.vercel.app/?modelIndex=6&color=%23E4A300,,,
8,AuraGem #008,Topaz,#E4A300,Heart,10,Flawless,0,https://res.cloudinary.com/djpxpezra/image/upload/v1763202657/AuraGem/008_00_wqy2tt.png,https://gemfi-three-js.vercel.app/?modelIndex=7&color=%23E4A300,,,
9,AuraGem #009,Topaz,#E4A300,Asscher,10,Flawless,0,https://res.cloudinary.com/djpxpezra/image/upload/v1763203320/AuraGem/009_00_ihz3wy.png,https://gemfi-three-js.vercel.app/?modelIndex=8&color=%23E4A300,,,
10,AuraGem #010,Topaz,#E4A300,Radiant,10,Flawless,0,https://res.cloudinary.com/djpxpezra/image/upload/v1763203482/AuraGem/010_00_i9ck1m.png,https://gemfi-three-js.vercel.app/?modelIndex=9&color=%23E4A300,,,
11,AuraGem #011,Topaz,#E4A300,Cusion,10,Flawless,0,https://res.cloudinary.com/djpxpezra/image/upload/v1763203532/AuraGem/011_00_iytvpx.png,https://gemfi-three-js.vercel.app/?modelIndex=10&color=%23E4A300,,,
12,AuraGem #012,Topaz,#E4A300,Trilliant,10,Flawless,0,https://res.cloudinary.com/djpxpezra/image/upload/v1763203600/AuraGem/012_00_edzqca.png,https://gemfi-three-js.vercel.app/?modelIndex=11&color=%23E4A300,,,
13,AuraGem #013,Emerald,#50C878,Brilliant,10,Flawless,0,https://res.cloudinary.com/djpxpezra/image/upload/v1763203680/AuraGem/013_00_fzyp23.png,https://gemfi-three-js.vercel.app/?modelIndex=0&color=%2350C878,,,
14,AuraGem #014,Emerald,#50C878,Princess,10,Flawless,0,https://res.cloudinary.com/djpxpezra/image/upload/v1763203738/AuraGem/014_00_qb8ycj.png,https://gemfi-three-js.vercel.app/?modelIndex=1&color=%2350C878,,,
15,AuraGem #015,Emerald,#50C878,Emerald,10,Flawless,0,https://res.cloudinary.com/djpxpezra/image/upload/v1763203796/AuraGem/015_00_brffne.png,https://gemfi-three-js.vercel.app/?modelIndex=2&color=%2350C878,,,
16,AuraGem #016,Emerald,#50C878,Oval,10,Flawless,0,https://res.cloudinary.com/djpxpezra/image/upload/v1763203841/AuraGem/016_00_mjmxyp.png,https://gemfi-three-js.vercel.app/?modelIndex=3&color=%2350C878,,,
17,AuraGem #017,Emerald,#50C878,Baguetee,10,Flawless,0,https://res.cloudinary.com/djpxpezra/image/upload/v1763208207/AuraGem/017_00_yw5s6g.png,https://gemfi-three-js.vercel.app/?modelIndex=4&color=%2350C878,,,
18,AuraGem #018,Emerald,#50C878,Pear,10,Flawless,0,https://res.cloudinary.com/djpxpezra/image/upload/v1763208263/AuraGem/018_00_t5emol.png,https://gemfi-three-js.vercel.app/?modelIndex=5&color=%2350C878,,,
19,AuraGem #019,Sapphire,#0F52BA,Marquis,10,Flawless,0,https://res.cloudinary.com/djpxpezra/image/upload/v1763208311/AuraGem/019_00_cjgagh.png,https://gemfi-three-js.vercel.app/?modelIndex=6&color=%230F52BA,,,
20,AuraGem #020,Sapphire,#0F52BA,Heart,10,Flawless,0,https://res.cloudinary.com/djpxpezra/image/upload/v1763208357/AuraGem/020_00_t9uxcy.png,https://gemfi-three-js.vercel.app/?modelIndex=7&color=%230F52BA,,,
21,AuraGem #021,Sapphire,#0F52BA,Asscher,10,Flawless,0,https://res.cloudinary.com/djpxpezra/image/upload/v1763208409/AuraGem/021_00_xp1m2r.png,https://gemfi-three-js.vercel.app/?modelIndex=8&color=%230F52BA,,,
22,AuraGem #022,Sapphire,#0F52BA,Radiant,10,Flawless,0,https://res.cloudinary.com/djpxpezra/image/upload/v1763208454/AuraGem/022_00_aj4vda.png,https://gemfi-three-js.vercel.app/?modelIndex=9&color=%230F52BA,,,
23,AuraGem #023,Sapphire,#0F52BA,Cusion,10,Flawless,0,https://res.cloudinary.com/djpxpezra/image/upload/v1763208505/AuraGem/023_00_dzpgsm.png,https://gemfi-three-js.vercel.app/?modelIndex=10&color=%230F52BA,,,
24,AuraGem #024,Sapphire,#0F52BA,Trilliant,10,Flawless,0,https://res.cloudinary.com/djpxpezra/image/upload/v1763208550/AuraGem/024_00_xzgfac.png,https://gemfi-three-js.vercel.app/?modelIndex=11&color=%230F52BA,,,
101,AuraGem #101,Ruby,#E0115F,Brilliant,10,Flawless,1,https://res.cloudinary.com/djpxpezra/image/upload/v1762955636/AuraGem/001_01_dcg2lp.png,https://gemfi-three-js.vercel.app/?modelIndex=0&color=%23E0115F,,,
102,AuraGem #102,Ruby,#E0115F,Princess,10,Flawless,1,https://res.cloudinary.com/djpxpezra/image/upload/v1762961408/AuraGem/002_01_dgxabr.png,https://gemfi-three-js.vercel.app/?modelIndex=1&color=%23E0115F,,,
103,AuraGem #103,Ruby,#E0115F,Emerald,10,Flawless,1,https://res.cloudinary.com/djpxpezra/image/upload/v1762962310/AuraGem/003_01_n438tn.png,https://gemfi-three-js.vercel.app/?modelIndex=2&color=%23E0115F,,,
104,AuraGem #104,Ruby,#E0115F,Oval,10,Flawless,1,https://res.cloudinary.com/djpxpezra/image/upload/v1763044192/AuraGem/004_01_xse9iv.png,https://gemfi-three-js.vercel.app/?modelIndex=3&color=%23E0115F,,,
105,AuraGem #105,Ruby,#E0115F,Baguetee,10,Flawless,1,https://res.cloudinary.com/djpxpezra/image/upload/v1763045065/AuraGem/005_01_yw6j4k.png,https://gemfi-three-js.vercel.app/?modelIndex=4&color=%23E0115F,,,
106,AuraGem #106,Ruby,#E0115F,Pear,10,Flawless,1,https://res.cloudinary.com/djpxpezra/image/upload/v1763045857/AuraGem/006_01_nia0ub.png,https://gemfi-three-js.vercel.app/?modelIndex=5&color=%23E0115F,,,
107,AuraGem #107,Topaz,#E4A300,Marquis,10,Flawless,1,https://res.cloudinary.com/djpxpezra/image/upload/v1763046620/AuraGem/007_01_zsi5yy.png,https://gemfi-three-js.vercel.app/?modelIndex=6&color=%23E4A301,,,
108,AuraGem #108,Topaz,#E4A300,Heart,10,Flawless,1,https://res.cloudinary.com/djpxpezra/image/upload/v1763202657/AuraGem/008_01_qb8ukn.png,https://gemfi-three-js.vercel.app/?modelIndex=7&color=%23E4A301,,,
109,AuraGem #109,Topaz,#E4A300,Asscher,10,Flawless,1,https://res.cloudinary.com/djpxpezra/image/upload/v1763203321/AuraGem/009_01_thrlfh.png,https://gemfi-three-js.vercel.app/?modelIndex=8&color=%23E4A301,,,
110,AuraGem #110,Topaz,#E4A300,Radiant,10,Flawless,1,https://res.cloudinary.com/djpxpezra/image/upload/v1763203482/AuraGem/010_01_pq9sy2.png,https://gemfi-three-js.vercel.app/?modelIndex=9&color=%23E4A301,,,
111,AuraGem #111,Topaz,#E4A300,Cusion,10,Flawless,1,https://res.cloudinary.com/djpxpezra/image/upload/v1763203533/AuraGem/011_01_l8stbs.png,https://gemfi-three-js.vercel.app/?modelIndex=10&color=%23E4A301,,,
112,AuraGem #112,Topaz,#E4A300,Trilliant,10,Flawless,1,https://res.cloudinary.com/djpxpezra/image/upload/v1763203600/AuraGem/012_01_r3wjbg.png,https://gemfi-three-js.vercel.app/?modelIndex=11&color=%23E4A301,,,
113,AuraGem #113,Emerald,#50C878,Brilliant,10,Flawless,1,https://res.cloudinary.com/djpxpezra/image/upload/v1763203680/AuraGem/013_01_ay9n99.png,https://gemfi-three-js.vercel.app/?modelIndex=0&color=%2350C879,,,
114,AuraGem #114,Emerald,#50C878,Princess,10,Flawless,1,https://res.cloudinary.com/djpxpezra/image/upload/v1763203739/AuraGem/014_01_o6szze.png,https://gemfi-three-js.vercel.app/?modelIndex=1&color=%2350C879,,,
115,AuraGem #115,Emerald,#50C878,Emerald,10,Flawless,1,https://res.cloudinary.com/djpxpezra/image/upload/v1763203796/AuraGem/015_01_yj5ooh.png,https://gemfi-three-js.vercel.app/?modelIndex=2&color=%2350C879,,,
116,AuraGem #116,Emerald,#50C878,Oval,10,Flawless,1,https://res.cloudinary.com/djpxpezra/image/upload/v1763203842/AuraGem/016_01_aijrdn.png,https://gemfi-three-js.vercel.app/?modelIndex=3&color=%2350C879,,,
117,AuraGem #117,Emerald,#50C878,Baguetee,10,Flawless,1,https://res.cloudinary.com/djpxpezra/image/upload/v1763208207/AuraGem/017_01_vduujq.png,https://gemfi-three-js.vercel.app/?modelIndex=4&color=%2350C879,,,
118,AuraGem #118,Emerald,#50C878,Pear,10,Flawless,1,https://res.cloudinary.com/djpxpezra/image/upload/v1763208263/AuraGem/018_01_vxnyju.png,https://gemfi-three-js.vercel.app/?modelIndex=5&color=%2350C879,,,
119,AuraGem #119,Sapphire,#0F52BA,Marquis,10,Flawless,1,https://res.cloudinary.com/djpxpezra/image/upload/v1763208312/AuraGem/019_01_c1t8eb.png,https://gemfi-three-js.vercel.app/?modelIndex=6&color=%230F52BA,,,
120,AuraGem #120,Sapphire,#0F52BA,Heart,10,Flawless,1,https://res.cloudinary.com/djpxpezra/image/upload/v1763208358/AuraGem/020_01_zoq7mo.png,https://gemfi-three-js.vercel.app/?modelIndex=7&color=%230F52BA,,,
121,AuraGem #121,Sapphire,#0F52BA,Asscher,10,Flawless,1,https://res.cloudinary.com/djpxpezra/image/upload/v1763208410/AuraGem/021_01_zdfbx8.png,https://gemfi-three-js.vercel.app/?modelIndex=8&color=%230F52BA,,,
122,AuraGem #122,Sapphire,#0F52BA,Radiant,10,Flawless,1,https://res.cloudinary.com/djpxpezra/image/upload/v1763208455/AuraGem/022_01_p7p0cn.png,https://gemfi-three-js.vercel.app/?modelIndex=9&color=%230F52BA,,,
123,AuraGem #123,Sapphire,#0F52BA,Cusion,10,Flawless,1,https://res.cloudinary.com/djpxpezra/image/upload/v1763208507/AuraGem/023_01_usazyx.png,https://gemfi-three-js.vercel.app/?modelIndex=10&color=%230F52BA,,,
124,AuraGem #124,Sapphire,#0F52BA,Trilliant,10,Flawless,1,https://res.cloudinary.com/djpxpezra/image/upload/v1763208552/AuraGem/024_01_gewaro.png,https://gemfi-three-js.vercel.app/?modelIndex=11&color=%230F52BA,,,
201,AuraGem #201,Ruby,#E0115F,Brilliant,10,Flawless,2,https://res.cloudinary.com/djpxpezra/image/upload/v1762955636/AuraGem/001_02_b0rzmj.png,https://gemfi-three-js.vercel.app/?modelIndex=0&color=%23E0115F,,,
202,AuraGem #202,Ruby,#E0115F,Princess,10,Flawless,2,https://res.cloudinary.com/djpxpezra/image/upload/v1762961407/AuraGem/002_02_nk0bdy.png,https://gemfi-three-js.vercel.app/?modelIndex=1&color=%23E0115F,,,
203,AuraGem #203,Ruby,#E0115F,Emerald,10,Flawless,2,https://res.cloudinary.com/djpxpezra/image/upload/v1762962308/AuraGem/003_02_ebbvjw.png,https://gemfi-three-js.vercel.app/?modelIndex=2&color=%23E0115F,,,
204,AuraGem #204,Ruby,#E0115F,Oval,10,Flawless,2,https://res.cloudinary.com/djpxpezra/image/upload/v1763044192/AuraGem/004_02_z8q9jr.png,https://gemfi-three-js.vercel.app/?modelIndex=3&color=%23E0115F,,,
205,AuraGem #205,Ruby,#E0115F,Baguetee,10,Flawless,2,https://res.cloudinary.com/djpxpezra/image/upload/v1763045066/AuraGem/005_02_cpomtq.png,https://gemfi-three-js.vercel.app/?modelIndex=4&color=%23E0115F,,,
206,AuraGem #206,Ruby,#E0115F,Pear,10,Flawless,2,https://res.cloudinary.com/djpxpezra/image/upload/v1763045858/AuraGem/006_02_nxl3n3.png,https://gemfi-three-js.vercel.app/?modelIndex=5&color=%23E0115F,,,
207,AuraGem #207,Topaz,#E4A300,Marquis,10,Flawless,2,https://res.cloudinary.com/djpxpezra/image/upload/v1763046621/AuraGem/007_02_si8wsc.png,https://gemfi-three-js.vercel.app/?modelIndex=6&color=%23E4A302,,,
208,AuraGem #208,Topaz,#E4A300,Heart,10,Flawless,2,https://res.cloudinary.com/djpxpezra/image/upload/v1763202657/AuraGem/008_02_dhc0da.png,https://gemfi-three-js.vercel.app/?modelIndex=7&color=%23E4A302,,,
209,AuraGem #209,Topaz,#E4A300,Asscher,10,Flawless,2,https://res.cloudinary.com/djpxpezra/image/upload/v1763203321/AuraGem/009_02_viqopq.png,https://gemfi-three-js.vercel.app/?modelIndex=8&color=%23E4A302,,,
210,AuraGem #210,Topaz,#E4A300,Radiant,10,Flawless,2,https://res.cloudinary.com/djpxpezra/image/upload/v1763203482/AuraGem/010_02_g4ft17.png,https://gemfi-three-js.vercel.app/?modelIndex=9&color=%23E4A302,,,
211,AuraGem #211,Topaz,#E4A300,Cusion,10,Flawless,2,https://res.cloudinary.com/djpxpezra/image/upload/v1763203532/AuraGem/011_02_suefvc.png,https://gemfi-three-js.vercel.app/?modelIndex=10&color=%23E4A302,,,
212,AuraGem #212,Topaz,#E4A300,Trilliant,10,Flawless,2,https://res.cloudinary.com/djpxpezra/image/upload/v1763203600/AuraGem/012_02_brvfzw.png,https://gemfi-three-js.vercel.app/?modelIndex=11&color=%23E4A302,,,
213,AuraGem #213,Emerald,#50C878,Brilliant,10,Flawless,2,https://res.cloudinary.com/djpxpezra/image/upload/v1763203681/AuraGem/013_02_hed7oh.png,https://gemfi-three-js.vercel.app/?modelIndex=0&color=%2350C880,,,
214,AuraGem #214,Emerald,#50C878,Princess,10,Flawless,2,https://res.cloudinary.com/djpxpezra/image/upload/v1763203739/AuraGem/014_02_syfggk.png,https://gemfi-three-js.vercel.app/?modelIndex=1&color=%2350C880,,,
215,AuraGem #215,Emerald,#50C878,Emerald,10,Flawless,2,https://res.cloudinary.com/djpxpezra/image/upload/v1763203797/AuraGem/015_02_rfjil3.png,https://gemfi-three-js.vercel.app/?modelIndex=2&color=%2350C880,,,
216,AuraGem #216,Emerald,#50C878,Oval,10,Flawless,2,https://res.cloudinary.com/djpxpezra/image/upload/v1763203842/AuraGem/016_02_yygtwu.png,https://gemfi-three-js.vercel.app/?modelIndex=3&color=%2350C880,,,
217,AuraGem #217,Emerald,#50C878,Baguetee,10,Flawless,2,https://res.cloudinary.com/djpxpezra/image/upload/v1763208207/AuraGem/017_02_vraois.png,https://gemfi-three-js.vercel.app/?modelIndex=4&color=%2350C880,,,
218,AuraGem #218,Emerald,#50C878,Pear,10,Flawless,2,https://res.cloudinary.com/djpxpezra/image/upload/v1763208265/AuraGem/018_02_ip8tju.png,https://gemfi-three-js.vercel.app/?modelIndex=5&color=%2350C880,,,
219,AuraGem #219,Sapphire,#0F52BA,Marquis,10,Flawless,2,https://res.cloudinary.com/djpxpezra/image/upload/v1763208313/AuraGem/019_02_odilf7.png,https://gemfi-three-js.vercel.app/?modelIndex=6&color=%230F52BA,,,
220,AuraGem #220,Sapphire,#0F52BA,Heart,10,Flawless,2,https://res.cloudinary.com/djpxpezra/image/upload/v1763208360/AuraGem/020_02_v3l3zt.png,https://gemfi-three-js.vercel.app/?modelIndex=7&color=%230F52BA,,,
221,AuraGem #221,Sapphire,#0F52BA,Asscher,10,Flawless,2,https://res.cloudinary.com/djpxpezra/image/upload/v1763208412/AuraGem/021_02_tn0upq.png,https://gemfi-three-js.vercel.app/?modelIndex=8&color=%230F52BA,,,
222,AuraGem #222,Sapphire,#0F52BA,Radiant,10,Flawless,2,https://res.cloudinary.com/djpxpezra/image/upload/v1763208457/AuraGem/022_02_pl840u.png,https://gemfi-three-js.vercel.app/?modelIndex=9&color=%230F52BA,,,
223,AuraGem #223,Sapphire,#0F52BA,Cusion,10,Flawless,2,https://res.cloudinary.com/djpxpezra/image/upload/v1763208509/AuraGem/023_02_wwinjx.png,https://gemfi-three-js.vercel.app/?modelIndex=10&color=%230F52BA,,,
224,AuraGem #224,Sapphire,#0F52BA,Trilliant,10,Flawless,2,https://res.cloudinary.com/djpxpezra/image/upload/v1763208553/AuraGem/024_02_ywuxa1.png,https://gemfi-three-js.vercel.app/?modelIndex=11&color=%230F52BA,,,
301,AuraGem #301,Ruby,#E0115F,Brilliant,10,Flawless,3,https://res.cloudinary.com/djpxpezra/image/upload/v1762955637/AuraGem/001_03_mjtlyh.png,https://gemfi-three-js.vercel.app/?modelIndex=0&color=%23E0115F,,,
302,AuraGem #302,Ruby,#E0115F,Princess,10,Flawless,3,https://res.cloudinary.com/djpxpezra/image/upload/v1762961404/AuraGem/002_03_o1hsuu.png,https://gemfi-three-js.vercel.app/?modelIndex=1&color=%23E0115F,,,
303,AuraGem #303,Ruby,#E0115F,Emerald,10,Flawless,3,https://res.cloudinary.com/djpxpezra/image/upload/v1762962307/AuraGem/003_03_hl7dfd.png,https://gemfi-three-js.vercel.app/?modelIndex=2&color=%23E0115F,,,
304,AuraGem #304,Ruby,#E0115F,Oval,10,Flawless,3,https://res.cloudinary.com/djpxpezra/image/upload/v1763044192/AuraGem/004_03_fzhigg.png,https://gemfi-three-js.vercel.app/?modelIndex=3&color=%23E0115F,,,
305,AuraGem #305,Ruby,#E0115F,Baguetee,10,Flawless,3,https://res.cloudinary.com/djpxpezra/image/upload/v1763045066/AuraGem/005_03_w0yyap.png,https://gemfi-three-js.vercel.app/?modelIndex=4&color=%23E0115F,,,
306,AuraGem #306,Ruby,#E0115F,Pear,10,Flawless,3,https://res.cloudinary.com/djpxpezra/image/upload/v1763045858/AuraGem/006_03_y9mxyd.png,https://gemfi-three-js.vercel.app/?modelIndex=5&color=%23E0115F,,,
307,AuraGem #307,Topaz,#E4A300,Marquis,10,Flawless,3,https://res.cloudinary.com/djpxpezra/image/upload/v1763046621/AuraGem/007_03_daovrp.png,https://gemfi-three-js.vercel.app/?modelIndex=6&color=%23E4A303,,,
308,AuraGem #308,Topaz,#E4A300,Heart,10,Flawless,3,https://res.cloudinary.com/djpxpezra/image/upload/v1763202657/AuraGem/008_03_jqqnea.png,https://gemfi-three-js.vercel.app/?modelIndex=7&color=%23E4A303,,,
309,AuraGem #309,Topaz,#E4A300,Asscher,10,Flawless,3,https://res.cloudinary.com/djpxpezra/image/upload/v1763203321/AuraGem/009_03_li896e.png,https://gemfi-three-js.vercel.app/?modelIndex=8&color=%23E4A303,,,
310,AuraGem #310,Topaz,#E4A300,Radiant,10,Flawless,3,https://res.cloudinary.com/djpxpezra/image/upload/v1763203483/AuraGem/010_03_gwmrgi.png,https://gemfi-three-js.vercel.app/?modelIndex=9&color=%23E4A303,,,
311,AuraGem #311,Topaz,#E4A300,Cusion,10,Flawless,3,https://res.cloudinary.com/djpxpezra/image/upload/v1763203533/AuraGem/011_03_kgpuld.png,https://gemfi-three-js.vercel.app/?modelIndex=10&color=%23E4A303,,,
312,AuraGem #312,Topaz,#E4A300,Trilliant,10,Flawless,3,https://res.cloudinary.com/djpxpezra/image/upload/v1763203601/AuraGem/012_03_xoy0lb.png,https://gemfi-three-js.vercel.app/?modelIndex=11&color=%23E4A303,,,
313,AuraGem #313,Emerald,#50C878,Brilliant,10,Flawless,3,https://res.cloudinary.com/djpxpezra/image/upload/v1763203682/AuraGem/013_03_ptws8r.png,https://gemfi-three-js.vercel.app/?modelIndex=0&color=%2350C881,,,
314,AuraGem #314,Emerald,#50C878,Princess,10,Flawless,3,https://res.cloudinary.com/djpxpezra/image/upload/v1763203741/AuraGem/014_03_hafbni.png,https://gemfi-three-js.vercel.app/?modelIndex=1&color=%2350C881,,,
315,AuraGem #315,Emerald,#50C878,Emerald,10,Flawless,3,https://res.cloudinary.com/djpxpezra/image/upload/v1763203798/AuraGem/015_03_zw2yzx.png,https://gemfi-three-js.vercel.app/?modelIndex=2&color=%2350C881,,,
316,AuraGem #316,Emerald,#50C878,Oval,10,Flawless,3,https://res.cloudinary.com/djpxpezra/image/upload/v1763203843/AuraGem/016_03_lyr2jt.png,https://gemfi-three-js.vercel.app/?modelIndex=3&color=%2350C881,,,
317,AuraGem #317,Emerald,#50C878,Baguetee,10,Flawless,3,https://res.cloudinary.com/djpxpezra/image/upload/v1763208208/AuraGem/017_03_tqcuw4.png,https://gemfi-three-js.vercel.app/?modelIndex=4&color=%2350C881,,,
318,AuraGem #318,Emerald,#50C878,Pear,10,Flawless,3,https://res.cloudinary.com/djpxpezra/image/upload/v1763208267/AuraGem/018_03_mymyf5.png,https://gemfi-three-js.vercel.app/?modelIndex=5&color=%2350C881,,,
319,AuraGem #319,Sapphire,#0F52BA,Marquis,10,Flawless,3,https://res.cloudinary.com/djpxpezra/image/upload/v1763208315/AuraGem/019_03_a1dn33.png,https://gemfi-three-js.vercel.app/?modelIndex=6&color=%230F52BA,,,
320,AuraGem #320,Sapphire,#0F52BA,Heart,10,Flawless,3,https://res.cloudinary.com/djpxpezra/image/upload/v1763208361/AuraGem/020_03_n7prht.png,https://gemfi-three-js.vercel.app/?modelIndex=7&color=%230F52BA,,,
321,AuraGem #321,Sapphire,#0F52BA,Asscher,10,Flawless,3,https://res.cloudinary.com/djpxpezra/image/upload/v1763208413/AuraGem/021_03_hnulqt.png,https://gemfi-three-js.vercel.app/?modelIndex=8&color=%230F52BA,,,
322,AuraGem #322,Sapphire,#0F52BA,Radiant,10,Flawless,3,https://res.cloudinary.com/djpxpezra/image/upload/v1763208458/AuraGem/022_03_ytl4yo.png,https://gemfi-three-js.vercel.app/?modelIndex=9&color=%230F52BA,,,
323,AuraGem #323,Sapphire,#0F52BA,Cusion,10,Flawless,3,https://res.cloudinary.com/djpxpezra/image/upload/v1763208510/AuraGem/023_03_qf2bnt.png,https://gemfi-three-js.vercel.app/?modelIndex=10&color=%230F52BA,,,
324,AuraGem #324,Sapphire,#0F52BA,Trilliant,10,Flawless,3,https://res.cloudinary.com/djpxpezra/image/upload/v1763208555/AuraGem/024_03_wdbdqh.png,https://gemfi-three-js.vercel.app/?modelIndex=11&color=%230F52BA,,,
401,AuraGem #401,Ruby,#E0115F,Brilliant,10,Flawless,4,https://res.cloudinary.com/djpxpezra/image/upload/v1762955637/AuraGem/001_04_ywan2x.png,https://gemfi-three-js.vercel.app/?modelIndex=0&color=%23E0115F,,,
402,AuraGem #402,Ruby,#E0115F,Princess,10,Flawless,4,https://res.cloudinary.com/djpxpezra/image/upload/v1762961404/AuraGem/002_04_qom9av.png,https://gemfi-three-js.vercel.app/?modelIndex=1&color=%23E0115F,,,
403,AuraGem #403,Ruby,#E0115F,Emerald,10,Flawless,4,https://res.cloudinary.com/djpxpezra/image/upload/v1762962304/AuraGem/003_04_b5b56k.png,https://gemfi-three-js.vercel.app/?modelIndex=2&color=%23E0115F,,,
404,AuraGem #404,Ruby,#E0115F,Oval,10,Flawless,4,https://res.cloudinary.com/djpxpezra/image/upload/v1763044192/AuraGem/004_04_puc1gr.png,https://gemfi-three-js.vercel.app/?modelIndex=3&color=%23E0115F,,,
405,AuraGem #405,Ruby,#E0115F,Baguetee,10,Flawless,4,https://res.cloudinary.com/djpxpezra/image/upload/v1763045066/AuraGem/005_04_os2ryt.png,https://gemfi-three-js.vercel.app/?modelIndex=4&color=%23E0115F,,,
406,AuraGem #406,Ruby,#E0115F,Pear,10,Flawless,4,https://res.cloudinary.com/djpxpezra/image/upload/v1763045862/AuraGem/006_04_oo2f3t.png,https://gemfi-three-js.vercel.app/?modelIndex=5&color=%23E0115F,,,
407,AuraGem #407,Topaz,#E4A300,Marquis,10,Flawless,4,https://res.cloudinary.com/djpxpezra/image/upload/v1763046623/AuraGem/007_04_jnmfeh.png,https://gemfi-three-js.vercel.app/?modelIndex=6&color=%23E4A304,,,
408,AuraGem #408,Topaz,#E4A300,Heart,10,Flawless,4,https://res.cloudinary.com/djpxpezra/image/upload/v1763202658/AuraGem/008_04_ff0wrp.png,https://gemfi-three-js.vercel.app/?modelIndex=7&color=%23E4A304,,,
409,AuraGem #409,Topaz,#E4A300,Asscher,10,Flawless,4,https://res.cloudinary.com/djpxpezra/image/upload/v1763203321/AuraGem/009_04_epxryv.png,https://gemfi-three-js.vercel.app/?modelIndex=8&color=%23E4A304,,,
410,AuraGem #410,Topaz,#E4A300,Radiant,10,Flawless,4,https://res.cloudinary.com/djpxpezra/image/upload/v1763203484/AuraGem/010_04_izzuvl.png,https://gemfi-three-js.vercel.app/?modelIndex=9&color=%23E4A304,,,
411,AuraGem #411,Topaz,#E4A300,Cusion,10,Flawless,4,https://res.cloudinary.com/djpxpezra/image/upload/v1763203534/AuraGem/011_04_lefonk.png,https://gemfi-three-js.vercel.app/?modelIndex=10&color=%23E4A304,,,
412,AuraGem #412,Topaz,#E4A300,Trilliant,10,Flawless,4,https://res.cloudinary.com/djpxpezra/image/upload/v1763203603/AuraGem/012_04_tzqefk.png,https://gemfi-three-js.vercel.app/?modelIndex=11&color=%23E4A304,,,
413,AuraGem #413,Emerald,#50C878,Brilliant,10,Flawless,4,https://res.cloudinary.com/djpxpezra/image/upload/v1763203684/AuraGem/013_04_ti2tg7.png,https://gemfi-three-js.vercel.app/?modelIndex=0&color=%2350C882,,,
414,AuraGem #414,Emerald,#50C878,Princess,10,Flawless,4,https://res.cloudinary.com/djpxpezra/image/upload/v1763203742/AuraGem/014_04_qs1mo0.png,https://gemfi-three-js.vercel.app/?modelIndex=1&color=%2350C882,,,
415,AuraGem #415,Emerald,#50C878,Emerald,10,Flawless,4,https://res.cloudinary.com/djpxpezra/image/upload/v1763203800/AuraGem/015_04_iz01qa.png,https://gemfi-three-js.vercel.app/?modelIndex=2&color=%2350C882,,,
416,AuraGem #416,Emerald,#50C878,Oval,10,Flawless,4,https://res.cloudinary.com/djpxpezra/image/upload/v1763203847/AuraGem/016_04_etbg7l.png,https://gemfi-three-js.vercel.app/?modelIndex=3&color=%2350C882,,,
417,AuraGem #417,Emerald,#50C878,Baguetee,10,Flawless,4,https://res.cloudinary.com/djpxpezra/image/upload/v1763208208/AuraGem/017_04_q1vfpw.png,https://gemfi-three-js.vercel.app/?modelIndex=4&color=%2350C882,,,
418,AuraGem #418,Emerald,#50C878,Pear,10,Flawless,4,https://res.cloudinary.com/djpxpezra/image/upload/v1763208268/AuraGem/018_04_f39aku.png,https://gemfi-three-js.vercel.app/?modelIndex=5&color=%2350C882,,,
419,AuraGem #419,Sapphire,#0F52BA,Marquis,10,Flawless,4,https://res.cloudinary.com/djpxpezra/image/upload/v1763208317/AuraGem/019_04_uzxoex.png,https://gemfi-three-js.vercel.app/?modelIndex=6&color=%230F52BA,,,
420,AuraGem #420,Sapphire,#0F52BA,Heart,10,Flawless,4,https://res.cloudinary.com/djpxpezra/image/upload/v1763208363/AuraGem/020_04_q0xc7h.png,https://gemfi-three-js.vercel.app/?modelIndex=7&color=%230F52BA,,,
421,AuraGem #421,Sapphire,#0F52BA,Asscher,10,Flawless,4,https://res.cloudinary.com/djpxpezra/image/upload/v1763208415/AuraGem/021_04_kfnfzx.png,https://gemfi-three-js.vercel.app/?modelIndex=8&color=%230F52BA,,,
422,AuraGem #422,Sapphire,#0F52BA,Radiant,10,Flawless,4,https://res.cloudinary.com/djpxpezra/image/upload/v1763208460/AuraGem/022_04_sstqcs.png,https://gemfi-three-js.vercel.app/?modelIndex=9&color=%230F52BA,,,
423,AuraGem #423,Sapphire,#0F52BA,Cusion,10,Flawless,4,https://res.cloudinary.com/djpxpezra/image/upload/v1763208512/AuraGem/023_04_jimugj.png,https://gemfi-three-js.vercel.app/?modelIndex=10&color=%230F52BA,,,
424,AuraGem #424,Sapphire,#0F52BA,Trilliant,10,Flawless,4,https://res.cloudinary.com/djpxpezra/image/upload/v1763208556/AuraGem/024_04_javqb9.png,https://gemfi-three-js.vercel.app/?modelIndex=11&color=%230F52BA,,,
501,AuraGem #501,Ruby,#E0115F,Brilliant,10,Flawless,5,https://res.cloudinary.com/djpxpezra/image/upload/v1762955637/AuraGem/001_05_j2z9cx.png,https://gemfi-three-js.vercel.app/?modelIndex=0&color=%23E0115F,,,
502,AuraGem #502,Ruby,#E0115F,Princess,10,Flawless,5,https://res.cloudinary.com/djpxpezra/image/upload/v1762961403/AuraGem/002_05_osaihg.png,https://gemfi-three-js.vercel.app/?modelIndex=1&color=%23E0115F,,,
503,AuraGem #503,Ruby,#E0115F,Emerald,10,Flawless,5,https://res.cloudinary.com/djpxpezra/image/upload/v1762962304/AuraGem/003_05_pk9vwk.png,https://gemfi-three-js.vercel.app/?modelIndex=2&color=%23E0115F,,,
504,AuraGem #504,Ruby,#E0115F,Oval,10,Flawless,5,https://res.cloudinary.com/djpxpezra/image/upload/v1763044192/AuraGem/004_05_tuadgc.png,https://gemfi-three-js.vercel.app/?modelIndex=3&color=%23E0115F,,,
505,AuraGem #505,Ruby,#E0115F,Baguetee,10,Flawless,5,https://res.cloudinary.com/djpxpezra/image/upload/v1763045067/AuraGem/005_05_iiygtq.png,https://gemfi-three-js.vercel.app/?modelIndex=4&color=%23E0115F,,,
506,AuraGem #506,Ruby,#E0115F,Pear,10,Flawless,5,https://res.cloudinary.com/djpxpezra/image/upload/v1763045863/AuraGem/006_05_eswhyf.png,https://gemfi-three-js.vercel.app/?modelIndex=5&color=%23E0115F,,,
507,AuraGem #507,Topaz,#E4A300,Marquis,10,Flawless,5,https://res.cloudinary.com/djpxpezra/image/upload/v1763046626/AuraGem/007_05_xsned9.png,https://gemfi-three-js.vercel.app/?modelIndex=6&color=%23E4A305,,,
508,AuraGem #508,Topaz,#E4A300,Heart,10,Flawless,5,https://res.cloudinary.com/djpxpezra/image/upload/v1763202658/AuraGem/008_05_qfwa33.png,https://gemfi-three-js.vercel.app/?modelIndex=7&color=%23E4A305,,,
509,AuraGem #509,Topaz,#E4A300,Asscher,10,Flawless,5,https://res.cloudinary.com/djpxpezra/image/upload/v1763203321/AuraGem/009_05_j9ta2n.png,https://gemfi-three-js.vercel.app/?modelIndex=8&color=%23E4A305,,,
510,AuraGem #510,Topaz,#E4A300,Radiant,10,Flawless,5,https://res.cloudinary.com/djpxpezra/image/upload/v1763203487/AuraGem/010_05_s5cudv.png,https://gemfi-three-js.vercel.app/?modelIndex=9&color=%23E4A305,,,
511,AuraGem #511,Topaz,#E4A300,Cusion,10,Flawless,5,https://res.cloudinary.com/djpxpezra/image/upload/v1763203538/AuraGem/011_05_k1mm4w.png,https://gemfi-three-js.vercel.app/?modelIndex=10&color=%23E4A305,,,
512,AuraGem #512,Topaz,#E4A300,Trilliant,10,Flawless,5,https://res.cloudinary.com/djpxpezra/image/upload/v1763203606/AuraGem/012_05_eofh3i.png,https://gemfi-three-js.vercel.app/?modelIndex=11&color=%23E4A305,,,
513,AuraGem #513,Emerald,#50C878,Brilliant,10,Flawless,5,https://res.cloudinary.com/djpxpezra/image/upload/v1763203686/AuraGem/013_05_ysxxaj.png,https://gemfi-three-js.vercel.app/?modelIndex=0&color=%2350C883,,,
514,AuraGem #514,Emerald,#50C878,Princess,10,Flawless,5,https://res.cloudinary.com/djpxpezra/image/upload/v1763203743/AuraGem/014_05_tke63l.png,https://gemfi-three-js.vercel.app/?modelIndex=1&color=%2350C883,,,
515,AuraGem #515,Emerald,#50C878,Emerald,10,Flawless,5,https://res.cloudinary.com/djpxpezra/image/upload/v1763203801/AuraGem/015_05_wmwdfp.png,https://gemfi-three-js.vercel.app/?modelIndex=2&color=%2350C883,,,
516,AuraGem #516,Emerald,#50C878,Oval,10,Flawless,5,https://res.cloudinary.com/djpxpezra/image/upload/v1763203848/AuraGem/016_05_uozztp.png,https://gemfi-three-js.vercel.app/?modelIndex=3&color=%2350C883,,,
517,AuraGem #517,Emerald,#50C878,Baguetee,10,Flawless,5,https://res.cloudinary.com/djpxpezra/image/upload/v1763208208/AuraGem/017_05_ssmd4z.png,https://gemfi-three-js.vercel.app/?modelIndex=4&color=%2350C883,,,
518,AuraGem #518,Emerald,#50C878,Pear,10,Flawless,5,https://res.cloudinary.com/djpxpezra/image/upload/v1763208269/AuraGem/018_05_lfbcps.png,https://gemfi-three-js.vercel.app/?modelIndex=5&color=%2350C883,,,
519,AuraGem #519,Sapphire,#0F52BA,Marquis,10,Flawless,5,https://res.cloudinary.com/djpxpezra/image/upload/v1763208318/AuraGem/019_05_ymbefu.png,https://gemfi-three-js.vercel.app/?modelIndex=6&color=%230F52BA,,,
520,AuraGem #520,Sapphire,#0F52BA,Heart,10,Flawless,5,https://res.cloudinary.com/djpxpezra/image/upload/v1763208364/AuraGem/020_05_n0zew4.png,https://gemfi-three-js.vercel.app/?modelIndex=7&color=%230F52BA,,,
521,AuraGem #521,Sapphire,#0F52BA,Asscher,10,Flawless,5,https://res.cloudinary.com/djpxpezra/image/upload/v1763208417/AuraGem/021_05_h8wl4k.png,https://gemfi-three-js.vercel.app/?modelIndex=8&color=%230F52BA,,,
522,AuraGem #522,Sapphire,#0F52BA,Radiant,10,Flawless,5,https://res.cloudinary.com/djpxpezra/image/upload/v1763208461/AuraGem/022_05_xnc07k.png,https://gemfi-three-js.vercel.app/?modelIndex=9&color=%230F52BA,,,
523,AuraGem #523,Sapphire,#0F52BA,Cusion,10,Flawless,5,https://res.cloudinary.com/djpxpezra/image/upload/v1763208513/AuraGem/023_05_dop08x.png,https://gemfi-three-js.vercel.app/?modelIndex=10&color=%230F52BA,,,
524,AuraGem #524,Sapphire,#0F52BA,Trilliant,10,Flawless,5,https://res.cloudinary.com/djpxpezra/image/upload/v1763208558/AuraGem/024_05_xej5cy.png,https://gemfi-three-js.vercel.app/?modelIndex=11&color=%230F52BA,,,
601,AuraGem #601,Ruby,#E0115F,Brilliant,10,Flawless,6,https://res.cloudinary.com/djpxpezra/image/upload/v1762955636/AuraGem/001_06_pfcxwi.png,https://gemfi-three-js.vercel.app/?modelIndex=0&color=%23E0115F,,,
602,AuraGem #602,Ruby,#E0115F,Princess,10,Flawless,6,https://res.cloudinary.com/djpxpezra/image/upload/v1762961403/AuraGem/002_06_xgfjxk.png,https://gemfi-three-js.vercel.app/?modelIndex=1&color=%23E0115F,,,
603,AuraGem #603,Ruby,#E0115F,Emerald,10,Flawless,6,https://res.cloudinary.com/djpxpezra/image/upload/v1762962304/AuraGem/003_06_p8zqcx.png,https://gemfi-three-js.vercel.app/?modelIndex=2&color=%23E0115F,,,
604,AuraGem #604,Ruby,#E0115F,Oval,10,Flawless,6,https://res.cloudinary.com/djpxpezra/image/upload/v1763044192/AuraGem/004_06_wdz9rf.png,https://gemfi-three-js.vercel.app/?modelIndex=3&color=%23E0115F,,,
605,AuraGem #605,Ruby,#E0115F,Baguetee,10,Flawless,6,https://res.cloudinary.com/djpxpezra/image/upload/v1763045067/AuraGem/005_06_fbh8ec.png,https://gemfi-three-js.vercel.app/?modelIndex=4&color=%23E0115F,,,
606,AuraGem #606,Ruby,#E0115F,Pear,10,Flawless,6,https://res.cloudinary.com/djpxpezra/image/upload/v1763045863/AuraGem/006_06_tpqpa1.png,https://gemfi-three-js.vercel.app/?modelIndex=5&color=%23E0115F,,,
607,AuraGem #607,Topaz,#E4A300,Marquis,10,Flawless,6,https://res.cloudinary.com/djpxpezra/image/upload/v1763046628/AuraGem/007_06_u21g7o.png,https://gemfi-three-js.vercel.app/?modelIndex=6&color=%23E4A306,,,
608,AuraGem #608,Topaz,#E4A300,Heart,10,Flawless,6,https://res.cloudinary.com/djpxpezra/image/upload/v1763202658/AuraGem/008_06_xuiolt.png,https://gemfi-three-js.vercel.app/?modelIndex=7&color=%23E4A306,,,
609,AuraGem #609,Topaz,#E4A300,Asscher,10,Flawless,6,https://res.cloudinary.com/djpxpezra/image/upload/v1763203321/AuraGem/009_06_g0s76z.png,https://gemfi-three-js.vercel.app/?modelIndex=8&color=%23E4A306,,,
610,AuraGem #610,Topaz,#E4A300,Radiant,10,Flawless,6,https://res.cloudinary.com/djpxpezra/image/upload/v1763203487/AuraGem/010_06_nwlisl.png,https://gemfi-three-js.vercel.app/?modelIndex=9&color=%23E4A306,,,
611,AuraGem #611,Topaz,#E4A300,Cusion,10,Flawless,6,https://res.cloudinary.com/djpxpezra/image/upload/v1763203538/AuraGem/011_06_dio8ux.png,https://gemfi-three-js.vercel.app/?modelIndex=10&color=%23E4A306,,,
612,AuraGem #612,Topaz,#E4A300,Trilliant,10,Flawless,6,https://res.cloudinary.com/djpxpezra/image/upload/v1763203607/AuraGem/012_06_zdfcdy.png,https://gemfi-three-js.vercel.app/?modelIndex=11&color=%23E4A306,,,
613,AuraGem #613,Emerald,#50C878,Brilliant,10,Flawless,6,https://res.cloudinary.com/djpxpezra/image/upload/v1763203686/AuraGem/013_06_zbluzr.png,https://gemfi-three-js.vercel.app/?modelIndex=0&color=%2350C884,,,
614,AuraGem #614,Emerald,#50C878,Princess,10,Flawless,6,https://res.cloudinary.com/djpxpezra/image/upload/v1763203746/AuraGem/014_06_t9j9vy.png,https://gemfi-three-js.vercel.app/?modelIndex=1&color=%2350C884,,,
615,AuraGem #615,Emerald,#50C878,Emerald,10,Flawless,6,https://res.cloudinary.com/djpxpezra/image/upload/v1763203803/AuraGem/015_06_bpihdd.png,https://gemfi-three-js.vercel.app/?modelIndex=2&color=%2350C884,,,
616,AuraGem #616,Emerald,#50C878,Oval,10,Flawless,6,https://res.cloudinary.com/djpxpezra/image/upload/v1763203848/AuraGem/016_06_kpootn.png,https://gemfi-three-js.vercel.app/?modelIndex=3&color=%2350C884,,,
617,AuraGem #617,Emerald,#50C878,Baguetee,10,Flawless,6,https://res.cloudinary.com/djpxpezra/image/upload/v1763208213/AuraGem/017_06_jfceqw.png,https://gemfi-three-js.vercel.app/?modelIndex=4&color=%2350C884,,,
618,AuraGem #618,Emerald,#50C878,Pear,10,Flawless,6,https://res.cloudinary.com/djpxpezra/image/upload/v1763208270/AuraGem/018_06_uokauz.png,https://gemfi-three-js.vercel.app/?modelIndex=5&color=%2350C884,,,
619,AuraGem #619,Sapphire,#0F52BA,Marquis,10,Flawless,6,https://res.cloudinary.com/djpxpezra/image/upload/v1763208320/AuraGem/019_06_be9sjc.png,https://gemfi-three-js.vercel.app/?modelIndex=6&color=%230F52BA,,,
620,AuraGem #620,Sapphire,#0F52BA,Heart,10,Flawless,6,https://res.cloudinary.com/djpxpezra/image/upload/v1763208366/AuraGem/020_06_wjtctv.png,https://gemfi-three-js.vercel.app/?modelIndex=7&color=%230F52BA,,,
621,AuraGem #621,Sapphire,#0F52BA,Asscher,10,Flawless,6,https://res.cloudinary.com/djpxpezra/image/upload/v1763208418/AuraGem/021_06_qimyyb.png,https://gemfi-three-js.vercel.app/?modelIndex=8&color=%230F52BA,,,
622,AuraGem #622,Sapphire,#0F52BA,Radiant,10,Flawless,6,https://res.cloudinary.com/djpxpezra/image/upload/v1763208463/AuraGem/022_06_d3omnh.png,https://gemfi-three-js.vercel.app/?modelIndex=9&color=%230F52BA,,,
623,AuraGem #623,Sapphire,#0F52BA,Cusion,10,Flawless,6,https://res.cloudinary.com/djpxpezra/image/upload/v1763208515/AuraGem/023_06_bl9rrf.png,https://gemfi-three-js.vercel.app/?modelIndex=10&color=%230F52BA,,,
624,AuraGem #624,Sapphire,#0F52BA,Trilliant,10,Flawless,6,https://res.cloudinary.com/djpxpezra/image/upload/v1763208560/AuraGem/024_06_bc0pqh.png,https://gemfi-three-js.vercel.app/?modelIndex=11&color=%230F52BA,,,